Tikid,Street_name,House_num,Bloc,Site,Label
04910010,שלומציון המלכה ,1  ,6212 , 1036,low
04910020,שלומציון המלכה ,2  ,6212 , 1037,high
04910030,שלומציון המלכה ,3  ,6212 , 501,high
04910040,שלומציון המלכה ,4  ,6212 , 504,available
04910050,שלומציון המלכה ,5  ,6212 , 500,high
04910060,שלומציון המלכה ,6  ,6212 , 505,low
04910070,שלומציון המלכה ,7  ,6212 , 499,high
04910080,שלומציון המלכה ,8  ,6212 , 506,tama_38
04910090,שלומציון המלכה ,9  ,6212 , 498,low
04910100,שלומציון המלכה ,10  ,6212 , 507,available
04910110,שלומציון המלכה ,11  ,6212 , 497,available
04910120,שלומציון המלכה ,12  ,6212 , 523,available
04910130,שלומציון המלכה ,13  ,6212 , 496,available
04910140,שלומציון המלכה ,14  ,6212 , 222,new
04910150,שלומציון המלכה ,15  ,6212 , 495,available
04910160,שלומציון המלכה ,16  ,6212 , 1253,available
04910170,שלומציון המלכה ,17  ,6212 , 200,available
04910190,שלומציון המלכה ,17  ,6212 , 200,available
04910200,שלומציון המלכה ,20  ,6212 , 234,high
04910210,שלומציון המלכה ,21  ,6212 , 202,available
04910230,שלומציון המלכה ,21  ,6212 , 202,available
04910240,שלומציון המלכה ,24  ,6212 , 236,tama_38
04910250,שלומציון המלכה ,25  ,6212 , 204,low
04910260,ברנדיס ,38  ,6212 , 57,high
04910270,שלומציון המלכה ,27  ,6212 , 205,high
04910280,שלומציון המלכה ,28  ,6212 , 257,available
04910290,שלומציון המלכה ,29  ,6212 , 206,available
04910300,שלומציון המלכה ,30  ,6212 , 258,tama_38
04910310,שלומציון המלכה ,31  ,6212 , 207,available
04910320,שטריקר ,37  ,6212 , 259,available
04910330,שלומציון המלכה ,33  ,6212 , 208,tama_38
04910340,שטריקר ,68  ,6212 , 279,available
04910350,שלומציון המלכה ,33  ,6212 , 208,low
04910360,בובליק ,19  ,6212 , 281,new
04910370,שלומציון המלכה ,37  ,6212 , 31,low
05790080,חוני המעגל ,1  ,6212 , 988,tama_38
05790100,מרים החשמונאית ,10  ,6212 , 987,high
05790190,יהודה המכבי ,1 ג,6212 , 1047,new
05790220,מרים החשמונאית ,22  ,6212 , 1192,low
05790250,מרים החשמונאית ,25  ,6212 , 1050,available
04770020,בני דן ,2  ,6212 , 998,high
04770050,בני דן ,5  ,not specified,not specified,new
04770060,בני דן ,6  ,6212 , 488,new
04770080,בני דן ,8  ,6212 , 490,high
04770100,בני דן ,10  ,6212 , 491,high
04770120,בני דן ,12  ,6212 , 492,available
04770140,בני דן ,14  ,6212 , 493,high
04770160,בני דן ,16  ,6212 , 494,high
04770180,בני דן ,18  ,6212 , 178,tama_38
04770200,בני דן ,20  ,6212 , 1310,high
04770240,בני דן ,24  ,6212 , 181,low
04770260,ברנדיס ,51  ,6212 , 182,high
04770280,ברנדיס ,42  ,6212 , 1351,tama_38
04770300,בני דן ,30  ,6212 , 384,tama_38
04770310,בני דן ,31 ,6212 , 176,available
04770410,בני דן ,41 ,6212 , 177,available
04770480,בני דן ,48  ,6212 , 149,high
04770490,בני דן ,49  ,not specified,not specified,available
04770500,בני דן ,50  ,6212 , 150,high
04770550,בני דן ,55 ,6212 , 825,available
04770570,בני דן ,57  ,not specified,not specified,available
04770580,בני דן ,60  ,6212 , 1151,available
04770620,הילדסהיימר ,50  ,6212 , 1340,tama_38
04770660,בני דן ,66  ,6212 , 1280,available
04770680,בני דן ,68  ,6212 , 1245,high
04770720,בני דן ,72  ,6212 , 1270,tama_38
04770740,נמיר מרדכי ,141  ,6106 , 605,available
06090030,בן סירא ,3  ,6106 , 533,low
06090040,בן סירא ,4  ,6106 ," 426,427",new
06090050,בן סירא ,5  ,6106 , 622,available
06090070,בן סירא ,7  ,6106 , 475,available
06090080,בן סירא ,8  ,6106 , 511,available
06090090,בן סירא ,9  ,6106 , 496,available
06090100,בן סירא ,10  ,6106 , 601,available
06090110,בן סירא ,11  ,6106 , 608,low
06090120,בן סירא ,12  ,6106 , 668,available
06090130,בן סירא ,13  ,6106 , 631,available
06090140,בן סירא ,14  ,6106 , 537,available
06090160,בן סירא ,16  ,6106 , 624,available
05080030,דה האז ,3  ,6212 , 539,high
05080040,מרים החשמונאית ,26  ,6212 , 1191,high
05080050,דה האז ,5 ב,6212 , 564,low
05080060,דה האז ,6  ,6212 , 1040,available
05080070,מרשל לואי ,13  ,6212 , 563,high
05080080,דה האז ,8  ,6212 , 1041,low
05080090,מרשל לואי ,18  ,6212 , 954,tama_38
05080100,דה האז ,10  ,6212 , 588,high
05080110,דה האז ,11  ,6212 , 925,high
05080120,דה האז ,12  ,6212 , 589,available
05080130,דה האז ,13  ,6212 , 960,tama_38
05080140,דה האז ,14  ,6212 , 590,available
05080160,דה האז ,16  ,6212 , 591,low
05080180,דה האז ,18  ,6212 , 592,available
05080200,דה האז ,20  ,6212 , 593,low
05080220,מרשל לואי ,11  ,6212 , 1252,available
05080240,דה האז ,24  ,6212 , 955,available
05080260,דה האז ,26 א,6212 , 926,high
05080280,דה האז ,28  ,6212 , 927,tama_38
05020030,יהודה המכבי ,3  ,6212 , 1038,high
05020040,יהודה המכבי ,4  ,6212 , 583,high
05020060,יהודה המכבי ,6  ,6212 , 584,low
05020070,יהודה המכבי ,7  ,6212 , 516,low
05020090,יהודה המכבי ,9  ,6212 , 517,available
05020100,אלעזר החורני ,1  ,6212 , 541,low
05020110,יהודה המכבי ,11  ,6212 , 518,available
05020120,יהודה המכבי ,12  ,6212 , 543,low
05020130,יהודה המכבי ,13  ,6212 , 519,high
05020140,יהודה המכבי ,14  ,6212 , 545,high
05020150,יהודה המכבי ,17  ,6212 , 527,low
05020170,יהודה המכבי ,17  ,6212 , 1290,high
05020180,שטריקר ,19 א,6212 , 132,new
05020210,מתתיהו כהן גדול ,2  ,6212 , 251,available
05020220,יהודה המכבי ,22  ,6212 , 308,low
05020230,יהודה המכבי ,23  ,6212 , 252,low
05020250,יהודה המכבי ,25  ,6212 , 253,available
05020280,יהודה המכבי ,28  ,6212 , 330,available
05020310,יהודה המכבי ,31  ,6212 , 275,tama_38
05020320,סמאטס ,26  ,6212 , 1195,new
05020330,יהודה המכבי ,33  ,6212 , 276,high
05020350,יהודה המכבי ,35  ,6212 , 277,available
05020400,רב צעיר ,18  ,6212 , 852,available
05020440,הילדסהיימר ,23  ,6212 , 855,available
05020450,יהודה המכבי ,45  ,6212 , 173,tama_38
05020460,הילדסהיימר ,24  ,6212 , 865,high
05020490,יהודה המכבי ,49  ,6212 , 138,high
05020500,הילדסהיימר ,24  ,6212 , 868,available
05020520,יהודה המכבי ,54  ,6212 , 776,available
05020540,יהודה המכבי ,54  ,6212 , 776,available
05020550,יהודה המכבי ,53  ,6212 , 1293,available
05020560,פרידמן ,33  ,6212 , 777,available
05020570,יהודה המכבי ,57  ,6212 , 1298,low
05020580,פרידמן ,33  ,6212 , 777,low
05020600,פרידמן ,36  ,6212 , 780,available
05020610,יהודה המכבי ,61  ,6212 , 744,available
05020620,יהודה המכבי ,62  ,6212 , 1292,low
05020630,יהודה המכבי ,63  ,6212 , 745,low
05020640,יהודה המכבי ,64  ,6212 , 782,low
05020650,יהודה המכבי ,63  ,6212 , 745,available
05020660,צירלסון ,17  ,6106 , 304,available
05020670,יהודה המכבי ,67  ,6212 , 747,available
05020680,יהודה המכבי ,68  ,6106 , 638,high
05020690,יהודה המכבי ,71  ,6212 , 1197,available
05020700,יהודה המכבי ,70  ,6106 , 61,high
05020720,נמיר מרדכי ,117  ,6106 , 576,available
05020730,יהודה המכבי ,73  ,6212 , 1307,available
05020770,יהודה המכבי ,79  ,6212 , 824,low
05020810,יהודה המכבי ,81  ,6212 , 771,low
05020830,יהודה המכבי ,81  ,6212 , 771,low
05020850,פרידמן ,38  ,6212 , 773,tama_38
05020870,יהודה המכבי ,87  ,6212 , 774,available
05020890,יהודה המכבי ,89  ,6212 , 1283,low
05020910,יהודה המכבי ,91  ,6212 , 1283,available
05020930,צירלסון ,20 א,6106 , 389,low
05020950,יהודה המכבי ,95  ,6106 , 44,low
05020970,נמיר מרדכי ,119  ,6106 , 309,low
05100030,חוני המעגל ,12  ,6212 , 617,available
05100050,מרשל לואי ,5  ,6212 , 1276,high
05100060,מרשל לואי ,6  ,6212 , 609,available
05100080,מרשל לואי ,8  ,6212 , 608,available
05100090,מרשל לואי ,9  ,6212 , 622,available
05100100,מרשל לואי ,10  ,6212 , 1247,low
05100140,מרשל לואי ,14  ,6212 , 605,low
05100150,מרשל לואי ,15  ,6212 , 562,low
05100170,מרשל לואי ,17  ,6212 , 638,low
05100190,מרשל לואי ,19  ,6212 , 637,high
05100200,מרשל לואי ,20  ,6212 , 566,available
05100210,מרשל לואי ,21  ,6212 , 636,low
05100220,מרשל לואי ,22  ,6212 , 567,available
05100280,מרשל לואי ,28  ,6212 , 341,high
05100290,מרשל לואי ,29  ,6212 , 325,tama_38
05100300,מרשל לואי ,30  ,6212 , 342,high
05100310,מרשל לואי ,31  ,6212 , 325,available
05100360,מרשל לואי ,36  ,6212 , 348,available
05100370,מרשל לואי ,37  ,6212 , 340,available
05100390,מרשל לואי ,39  ,6212 , 1246,high
05100410,מרשל לואי ,41  ,6212 , 1111,high
05100420,מרשל לואי ,42  ,6212 , 376,low
05100440,מרשל לואי ,44  ,6212 , 1249,available
05100460,מרשל לואי ,46  ,6212 , 661,tama_38
06870030,יונתן הופסי ,3  ,6212 , 511,available
06870040,יונתן הופסי ,4  ,6212 , 513,low
06870050,יונתן הופסי ,5  ,6212 , 510,available
06870070,יונתן הופסי ,7  ,6212 , 509,high
04920010,פינלס ,1  ,6212 , 302,available
04920020,בובליק ,6  ,6212 , 81,low
04920030,פינלס ,3  ,6212 , 166,available
04920040,פינלס ,4  ,6212 , 168,available
04920050,פינלס ,5  ,6212 , 165,low
04920060,פינלס ,6  ,6212 , 169,tama_38
04920070,פינלס ,7  ,6212 , 175,available
04920080,פינלס ,8  ,6212 , 170,low
04920090,פינלס ,9  ,6212 , 134,available
04920100,פינלס ,10  ,6212 , 137,available
04920110,פינלס ,11  ,6212 , 143,high
05810020,מרים החשמונאית ,6  ,6212 , 992,new
05810050,חוני המעגל ,5  ,6212 , 1000,available
05810070,חוני המעגל ,7  ,6212 , 619,available
05810080,חוני המעגל ,8  ,6212 , 1044,available
05830030,יונתן הופסי ,6  ,6212 , 520,high
05830040,יוחנן הגדי ,4  ,6212 , 526,low
05830050,יונתן הופסי ,9  ,6212 , 508,available
05830060,יוחנן הגדי ,6  ,6212 , 525,available
05830080,יוחנן הגדי ,8  ,6212 , 524,available
05820030,מתתיהו כהן גדול ,3  ,6212 , 229,available
05820040,מתתיהו כהן גדול ,4  ,6212 , 250,available
05820050,מתתיהו כהן גדול ,5  ,6212 , 228,low
05820060,מתתיהו כהן גדול ,6  ,6212 , 247,tama_38
05820070,מתתיהו כהן גדול ,7  ,6212 , 227,available
05820080,מתתיהו כהן גדול ,8  ,6212 , 246,available
05820090,מתתיהו כהן גדול ,9  ,6212 , 226,tama_38
05820100,מתתיהו כהן גדול ,10  ,6212 , 243,low
05820110,מתתיהו כהן גדול ,11  ,6212 , 225,high
05820120,מתתיהו כהן גדול ,12  ,6212 , 242,low
05820130,מתתיהו כהן גדול ,13  ,6212 , 224,low
05820140,מתתיהו כהן גדול ,14  ,6212 , 239,new
05820150,מתתיהו כהן גדול ,15  ,6212 , 223,available
05820160,מתתיהו כהן גדול ,16  ,6212 , 238,available
05000030,ברנדיס ,3  ,6212 , 1149,tama_38
05000040,ברנדיס ,4  ,6212 , 935,high
05000060,ברנדיס ,6  ,6212 , 934,high
05000080,ברנדיס ,8  ,6212 , 933,high
05000090,ברנדיס ,9  ,6212 , 1148,high
05000100,ברנדיס ,10  ,6212 , 932,high
05000110,ברנדיס ,11  ,6212 , 568,high
05000120,ברנדיס ,12  ,6212 , 931,available
05000130,מרשל לואי ,23  ,6212 , 556,high
05000160,ברנדיס ,16  ,6212 , 1284,low
05000170,ברנדיס ,17  ,6212 , 552,high
05000190,אלעזר החורני ,10  ,6212 , 551,high
05000210,ברנדיס ,21  ,6212 , 536,available
05000220,יהודה המכבי ,29  ,6212 , 1309,available
05000230,ברנדיס ,23  ,6212 , 547,tama_38
05000240,ברנדיס ,24  ,6212 , 1309,available
05000250,יהודה המכבי ,27  ,6212 , 255,available
05000260,ברנדיס ,26  ,6212 , 269,low
05000270,ברנדיס ,27  ,6212 , 254,high
05000280,ברנדיס ,26  ,6212 , 269,available
05000290,ברנדיס ,29  ,6212 , 249,available
05000300,ברנדיס ,30  ,6212 , 266,low
05000310,ברנדיס ,31  ,6212 , 248,available
05000320,ברנדיס ,32  ,6212 , 265,available
05000330,ברנדיס ,33  ,6212 , 245,available
05000340,ברנדיס ,36  ,6212 , 1288,low
05000350,ברנדיס ,35  ,6212 , 244,low
05000360,ברנדיס ,36  ,6212 , 1288,available
05000370,ברנדיס ,37  ,6212 , 241,low
05000390,ברנדיס ,39  ,6212 , 240,tama_38
05000410,ברנדיס ,41  ,6212 , 237,available
05000490,ברנדיס ,49  ,6212 , 183,available
04940030,שטריקר ,3  ,6212 , 940,high
04940040,שטריקר ,4  ,6212 , 369,available
04940050,שטריקר ,5  ,6212 , 939,high
04940060,שטריקר ,6  ,6212 , 366,low
04940070,שטריקר ,7  ,6212 , 938,tama_38
04940090,שטריקר ,9  ,6212 , 937,high
04940100,שטריקר ,10  ,6212 , 362,high
04940110,שטריקר ,11  ,6212 , 958,available
04940130,ברנדיס ,14  ,6212 , 957,low
04940140,שטריקר ,14  ,6212 , 357,low
04940150,שטריקר ,15  ,6212 , 344,high
04940160,שטריקר ,16  ,6212 , 357,available
04940170,שטריקר ,17  ,6212 , 343,available
04940180,שטריקר ,18  ,6212 , 354,available
04940200,שטריקר ,20  ,6212 , 353,available
04940210,יהודה המכבי ,37  ,6212 , 278,available
04940220,שטריקר ,22  ,6212 , 350,available
04940230,שטריקר ,23  ,6212 , 272,available
04940240,שטריקר ,24  ,6212 , 349,available
04940250,שטריקר ,25  ,6212 , 271,tama_38
04940260,שטריקר ,26  ,6212 , 345,available
04940270,שטריקר ,27  ,6212 , 268,low
04940280,מרשל לואי ,27  ,6212 , 324,high
04940290,שטריקר ,29  ,6212 , 267,tama_38
04940300,שטריקר ,30  ,6212 , 323,high
04940310,שטריקר ,31  ,6212 , 264,low
04940320,שטריקר ,32  ,6212 , 93,available
04940330,שטריקר ,33  ,6212 , 263,available
04940340,שטריקר ,34  ,6212 , 318,low
04940350,שטריקר ,35  ,6212 , 260,available
04940380,שטריקר ,38  ,6212 , 314,available
04940400,שטריקר ,40  ,6212 , 313,high
04940420,שטריקר ,42  ,6212 , 310,available
04940440,שטריקר ,44  ,6212 , 309,low
04940460,שטריקר ,46  ,6212 , 304,low
04940500,יהודה המכבי ,39  ,6212 , 296,high
04940520,שטריקר ,52  ,6212 , 295,available
04940540,שטריקר ,54  ,6212 , 292,available
04940560,שטריקר ,56  ,6212 , 291,low
04940580,שטריקר ,58  ,6212 , 288,tama_38
04940600,שטריקר ,60  ,6212 , 287,low
04940620,שטריקר ,62  ,6212 , 284,available
04940640,שטריקר ,64  ,6212 , 283,available
04940660,שטריקר ,66  ,6212 , 280,available
04930010,יהודה המכבי ,41  ,6212 , 298,low
04930020,יהודה המכבי ,43  ,6212 , 83,low
04930040,בובליק ,4  ,6212 , 82,high
04930050,בובליק ,5  ,6212 , 294,available
04930070,בובליק ,7  ,6212 , 293,new
04930090,בובליק ,9  ,6212 , 290,low
04930110,בובליק ,11  ,6212 , 289,available
04930130,בובליק ,13  ,6212 , 286,high
04930150,בובליק ,15  ,6212 , 285,tama_38
04930170,בובליק ,17  ,6212 , 282,available
05630030,סמאטס ,3  ,6212 , 647,available
05630040,סמאטס ,4  ,6212 , 667,high
05630050,סמאטס ,5  ,6212 , 646,available
05630060,סמאטס ,6  ,6212 , 666,low
05630070,סמאטס ,7  ,6212 , 645,available
05630080,סמאטס ,8  ,6212 , 665,available
05630090,סמאטס ,9  ,6212 , 644,tama_38
05630100,סמאטס ,10  ,6212 , 664,low
05630110,סמאטס ,11  ,6212 , 643,tama_38
05630120,סמאטס ,12  ,6212 , 663,low
05630130,סמאטס ,13  ,6212 , 642,high
05630140,סמאטס ,14  ,6212 , 662,available
05630190,סמאטס ,19  ,6212 , 1246,low
05630200,סמאטס ,20  ,6212 , 1110,available
05630210,סמאטס ,21  ,6212 , 1246,available
05630220,סמאטס ,22  ,6212 , 1122,available
05630230,סמאטס ,23  ,6212 , 1246,available
05010050,בודנהיימר ,5  ,6212 , 368,available
05010070,בודנהיימר ,7  ,6212 , 367,tama_38
05010080,בודנהיימר ,8  ,6212 , 1147,tama_38
05010090,בודנהיימר ,9  ,6212 , 364,available
05010110,בודנהיימר ,11  ,6212 , 363,available
05010120,בודנהיימר ,12  ,6212 , 196,new
05010130,בודנהיימר ,13  ,6212 , 360,low
05010140,בודנהיימר ,14  ,6212 , 194,high
05010150,בודנהיימר ,15  ,6212 , 359,available
05010160,בודנהיימר ,16  ,6212 , 194,tama_38
05010170,בודנהיימר ,17  ,6212 , 356,available
05010180,בודנהיימר ,18  ,6212 , 377,high
05010190,בודנהיימר ,19  ,6212 , 355,available
05010200,בודנהיימר ,20  ,6212 , 377,available
05010210,בודנהיימר ,21  ,6212 , 352,available
05010220,מרשל לואי ,40  ,6212 , 375,available
05010230,בודנהיימר ,23  ,6212 , 351,available
05010240,בודנהיימר ,24  ,6212 , 339,low
05010250,מרשל לואי ,38  ,6212 , 1333,low
05010260,בודנהיימר ,26  ,6212 , 337,available
05010280,בודנהיימר ,28  ,6212 , 337,available
05010290,מרשל לואי ,33  ,6212 , 328,low
05010300,בודנהיימר ,30  ,6212 , 335,available
05010310,בודנהיימר ,31  ,6212 , 327,high
05010320,בודנהיימר ,32  ,6212 , 335,available
05010330,בודנהיימר ,33  ,6212 , 321,available
05010340,בודנהיימר ,34  ,6212 , 334,available
05010360,בודנהיימר ,36  ,6212 , 333,available
05010370,בודנהיימר ,37  ,6212 , 319,available
05010380,בודנהיימר ,38  ,6212 , 332,available
05010400,בודנהיימר ,40  ,6212 , 331,low
05010410,בודנהיימר ,41  ,6212 , 316,high
05010420,בודנהיימר ,42  ,6212 , 99,low
05010430,בודנהיימר ,43  ,6212 , 315,available
05010450,בודנהיימר ,45  ,6212 , 312,available
05010460,יהודה המכבי ,26  ,6212 , 329,low
05010490,בודנהיימר ,49  ,6212 , 306,low
05010510,בודנהיימר ,51  ,6212 , 305,available
05800030,אנטיגונוס ,3  ,6212 , 985,tama_38
05800050,אנטיגונוס ,5  ,6212 , 1042,high
05800070,אנטיגונוס ,7  ,6212 , 600,available
05800090,אנטיגונוס ,9  ,6212 , 599,high
05800110,אנטיגונוס ,11  ,6212 , 598,high
05800130,אנטיגונוס ,13  ,6212 , 597,high
05800150,אנטיגונוס ,15  ,6212 , 1250,high
06880030,אלעזר החורני ,3 א,6212 , 542,high
06880040,אלעזר החורני ,4  ,6212 , 640,low
06880050,אלעזר החורני ,5  ,6212 , 544,low
06880060,אלעזר החורני ,6  ,6212 , 548,tama_38
06880070,אלעזר החורני ,7  ,6212 , 546,high
06880080,אלעזר החורני ,8  ,6212 , 549,low
06890020,אריסטובול ,2  ,6212 , 845,low
06890030,אריסטובול ,3  ,6212 , 550,tama_38
06890040,אריסטובול ,4  ,6212 , 1150,available
04870010,שור משה פרופ' ,1  ,6213 , 456,available
04870020,אבן גבירול ,156  ,6213 , 59,low
04870030,שור משה פרופ' ,3  ,6213 , 455,available
04870050,שור משה פרופ' ,5  ,6213 , 741,high
04870080,אפשטיין יצחק ,13  ,6213 , 452,high
04870090,שור משה פרופ' ,9  ,6213 , 737,low
04870100,שור משה פרופ' ,10  ,6213 , 475,available
04870120,מוזר יעקב ,11  ,6213 , 757,high
04870130,שור משה פרופ' ,13  ,6213 , 483,low
04870140,שור משה פרופ' ,14  ,6213 , 150,low
04870160,שור משה פרופ' ,16  ,6213 , 149,low
04870180,רמז דוד ,33  ,6213 , 111,high
04870190,שור משה פרופ' ,19  ,6213 , 480,available
04870210,שור משה פרופ' ,21  ,6213 , 1280,available
04870230,שור משה פרופ' ,23  ,6213 , 136,low
04870250,שור משה פרופ' ,25  ,6213 , 132,available
04870270,שור משה פרופ' ,27  ,6213 , 645,high
04870310,רמז דוד ,35  ,6213 , 967,high
04880040,ילין דוד ,4  ,6213 , 92,available
04880050,אפשטיין יצחק ,1  ,6213 , 299,low
04880070,ילין דוד ,7  ,6213 , 818,high
04880090,ילין דוד ,9  ,6213 , 819,high
04880110,ילין דוד ,11  ,6213 , 624,tama_38
04880140,ילין דוד ,14  ,6213 , 821,available
04880150,מוזר יעקב ,2  ,6213 , 385,low
04880160,ילין דוד ,16  ,6213 , 859,high
04880170,ילין דוד ,17  ,6213 , 384,high
04880180,ילין דוד ,18  ,6213 , 390,low
04880200,ילין דוד ,20  ,6213 , 391,high
04880220,ילין דוד ,22  ,6213 , 392,available
01940810,ז'בוטינסקי ,81  ,6213 , 952,low
01940820,עמנואל הרומי ,30  ,6214 , 527,low
01940840,ז'בוטינסקי ,84  ,6214 , 528,available
01940850,ז'בוטינסקי ,85  ,6213 , 71,low
01940860,ז'בוטינסקי ,86  ,6214 , 529,available
01940870,ז'בוטינסקי ,87  ,6213 , 1185,available
01940880,אבן גבירול ,123  ,6214 , 530,available
01940890,ז'בוטינסקי ,89  ,6213 , 95,high
01940900,אבן גבירול ,130  ,6213 , 14,high
01940910,ז'בוטינסקי ,91  ,6213 , 96,high
01940930,ז'בוטינסקי ,93  ,6213 , 1399,high
01940990,ז'בוטינסקי ,99  ,6213 , 1170,available
01941010,ז'בוטינסקי ,101  ,6213 , 948,high
01941020,ז'בוטינסקי ,102  ,6213 , 1160,high
01941030,ז'בוטינסקי ,103  ,6213 , 842,low
01941040,בן שפרוט ,21  ,6213 , 423,high
01941050,ז'בוטינסקי ,105  ,6213 , 840,high
01941070,ז'בוטינסקי ,107  ,6213 , 847,available
01941080,ז'בוטינסקי ,108  ,6213 , 743,low
01941090,רמז דוד ,15  ,6213 , 945,low
01941110,ז'בוטינסקי ,111  ,6213 , 863,available
01941120,ז'בוטינסקי ,112  ,6213 , 1300,available
01941130,בילטמור ,1  ,6213 , 872,available
01941140,ז'בוטינסקי ,114  ,6213 , 1246,high
01941150,שרת משה ,23  ,6213 , 1204,low
01941160,שרת משה ,21  ,6213 , 1192,available
01941170,שרת משה ,32  ,6213 , 884,available
01941180,שרת משה ,30  ,6213 , 1198,available
01941190,הא באייר ,76 א,6213 , 895,available
01941200,הא באייר ,2  ,6213 , 1346,high
01941310,ז'בוטינסקי ,131  ,6213 , 1340,available
01941320,הא באייר ,36  ,6213 , 1298,available
01941330,ז'בוטינסקי ,133  ,6213 , 924,available
01941340,ז'בוטינסקי ,134  ,6213 , 345,low
01941350,ז'בוטינסקי ,135  ,6213 , 1162,available
01941360,ז'בוטינסקי ,136  ,6213 , 346,available
01941380,ז'בוטינסקי ,138 א,6213 , 1153,high
01941390,הציונות ,1  ,6213 , 927,available
01941410,ז'בוטינסקי ,141  ,6108 , 453,low
01941420,הלסינקי ,26  ,6108 , 434,available
01941430,גלוסקין ,1  ,6108 , 505,available
01941440,ז'בוטינסקי ,144  ,6108 , 413,high
01941450,ז'בוטינסקי ,145  ,6108 , 363,available
01941460,ז'בוטינסקי ,146  ,6108 , 279,high
01941470,ז'בוטינסקי ,147  ,6108 , 392,available
01941480,ז'בוטינסקי ,148  ,6108 , 542,available
01941490,ז'בוטינסקי ,149  ,6108 , 572,low
01941500,ז'בוטינסקי ,150  ,6108 , 460,available
01941510,ז'בוטינסקי ,151  ,6108 , 359,available
01941520,ז'בוטינסקי ,152  ,6108 , 568,available
01941530,ז'בוטינסקי ,153  ,6108 , 405,available
01941540,קליי ,19  ,6108 , 431,available
01941550,נמיר מרדכי ,57  ,6108 , 462,available
11170010,רמז דוד ,38  ,6213 , 860,low
11170020,רמז דוד ,36  ,6213 , 631,high
11170030,כהנשטם ,3  ,6213 , 1272,available
11170040,כהנשטם ,4  ,6213 , 697,high
11170050,כהנשטם ,5  ,6213 , 714,available
11170090,ליפסקי לואי ,18  ,6213 , 734,high
11170100,ליפסקי לואי ,13  ,6213 , 700,low
11170110,כהנשטם ,11  ,6213 , 736,available
11170120,ליפסקי לואי ,16  ,6213 , 1329,low
04720010,ויצמן ,1  ,6111 , 870,tama_38
04720020,ויצמן ,2  ,6111 , 773,low
04720050,ברקוביץ ,2  ,6111 , 822,low
04720080,ויצמן ,8  ,not specified,not specified,new
04720090,דוד המלך ,57  ,6111 , 664,available
05660030,שרת משה ,3  ,6213 , 662,high
05660040,שרת משה ,4  ,6213 , 653,low
05660080,שרת משה ,8  ,6213 , 652,high
05660100,שרת משה ,10  ,6213 , 651,available
05660120,שרת משה ,12  ,6213 , 650,available
05660130,שרת משה ,13  ,6213 , 172,low
05660140,שרת משה ,14  ,6213 , 682,low
05660150,שרת משה ,15  ,6213 , 173,low
05660160,שרת משה ,16  ,6213 , 854,tama_38
05660170,מטמון כהן ,10  ,6213 , 174,low
05660180,שרת משה ,18  ,6213 , 180,low
05660190,מטמון כהן ,9  ,6213 , 309,low
05660200,"תש""ח ",11  ,6213 , 177,low
05660220,שרת משה ,22  ,6213 , 176,high
05660240,שרת משה ,24  ,6213 , 852,high
05660250,שרת משה ,25  ,6213 , 882,available
05660260,שרת משה ,26  ,6213 , 760,high
05660270,שרת משה ,27  ,6213 , 881,low
05660280,שרת משה ,28  ,6213 , 315,low
05660290,שרת משה ,29  ,6213 , 880,high
05660310,שרת משה ,31  ,6213 , 1194,low
05660330,שרת משה ,33  ,6213 , 493,available
05660340,שרת משה ,34  ,6213 , 885,available
05660350,שרת משה ,35  ,6213 , 849,high
05660360,שרת משה ,36  ,6213 , 886,high
05660370,שרת משה ,37  ,6213 , 496,tama_38
05660380,שרת משה ,38  ,6213 , 887,high
05660390,שרת משה ,39  ,6213 , 497,available
05660400,שרת משה ,40  ,6213 , 954,low
05660420,ליפסקי לואי ,3  ,6213 , 950,available
05660440,שרת משה ,44  ,6213 , 853,high
05660460,שרת משה ,46  ,6213 , 1128,high
05660480,שרת משה ,48  ,6213 , 503,low
05660490,שרת משה ,49  ,6213 , 1019,available
05660500,שרת משה ,50  ,6213 , 502,available
05660510,שרת משה ,51  ,6213 , 1020,available
05660530,סמילנסקי ,2  ,6213 , 1021,available
05660550,שרת משה ,55  ,6213 , 1027,low
05660560,שרת משה ,56  ,6213 , 1188,available
05660570,שרת משה ,57  ,6213 , 1026,high
05660580,שרת משה ,58  ,6213 , 1167,tama_38
05660590,עקיבא אריה ,59  ,6213 , 1025,available
05660600,שרת משה ,60  ,6213 , 514,high
05660610,שרת משה ,61  ,6213 , 746,available
05660620,שרת משה ,62  ,6213 , 850,low
05660630,שרת משה ,63  ,6213 , 1435,low
05660640,עקיבא אריה ,6  ,6213 , 1207,available
05660650,שרת משה ,65 א,6213 , 752,available
05660660,שרת משה ,66  ,6213 , 1154,tama_38
05660670,שרת משה ,67  ,6213 , 1077,low
05660690,שרת משה ,69  ,6213 , 1077,available
05660710,שרת משה ,71  ,6213 , 1076,high
05660730,שרת משה ,73  ,6213 , 1075,available
05660790,שרת משה ,79  ,6108 , 574,low
05660810,אהבת ציון ,30  ,6108 , 574,low
05660820,שרת משה ,82  ,6108 , 452,available
05660830,שרת משה ,83  ,6108 , 521,low
05660840,שרת משה ,84  ,6108 , 206,available
05660850,שרת משה ,85  ,6108 , 449,available
05660860,שרת משה ,86  ,6108 , 205,available
05660870,שרת משה ,87  ,6108 , 526,available
05730010,מטמון כהן ,1  ,6213 , 313,high
05730020,רמז דוד ,16  ,6213 , 750,high
05730030,מטמון כהן ,3  ,6213 , 312,high
05730050,מטמון כהן ,5  ,6213 , 311,high
05730070,מטמון כהן ,7  ,6213 , 310,tama_38
04890030,אפשטיין יצחק ,3  ,6213 , 294,available
04890040,אפשטיין יצחק ,4  ,6213 , 820,low
04890050,אפשטיין יצחק ,5  ,6213 , 295,high
04890060,אפשטיין יצחק ,6  ,6213 , 956,low
04890070,אפשטיין יצחק ,7  ,6213 , 296,high
04890080,אפשטיין יצחק ,8 א,6213 , 956,low
04890090,אפשטיין יצחק ,9  ,6213 , 297,high
04890110,אפשטיין יצחק ,11  ,6213 , 298,available
04890150,אפשטיין יצחק ,15  ,6213 , 737,new
04860030,מוסנזון בן-ציון דר' ,3  ,6213 , 72,tama_38
04860040,מוסנזון בן-ציון דר' ,4  ,6213 , 93,low
04860050,מוסנזון בן-ציון דר' ,5  ,6213 , 73,high
04860060,ילין דוד ,2  ,6213 , 91,available
04860070,מוסנזון בן-ציון דר' ,7  ,6213 , 74,high
04860080,ילין דוד ,1  ,6213 , 647,available
04860090,מוסנזון בן-ציון דר' ,9  ,6213 , 75,available
04860100,מוסנזון בן-ציון דר' ,10  ,6213 , 88,high
04860110,מוסנזון בן-ציון דר' ,11  ,6213 , 76,tama_38
04860120,מוסנזון בן-ציון דר' ,12  ,6213 , 87,high
04860130,מוסנזון בן-ציון דר' ,13  ,6213 , 77,low
04860140,מוסנזון בן-ציון דר' ,14  ,6213 , 86,high
04860150,מוסנזון בן-ציון דר' ,15  ,6213 , 78,available
04860160,מוסנזון בן-ציון דר' ,16  ,6213 , 85,high
04860170,מוסנזון בן-ציון דר' ,17  ,6213 , 79,high
04860180,מוסנזון בן-ציון דר' ,18  ,6213 , 84,high
04860190,מוסנזון בן-ציון דר' ,19  ,6213 , 80,available
04860200,מוסנזון בן-ציון דר' ,20  ,6213 , 83,available
04860210,מוסנזון בן-ציון דר' ,21  ,6213 , 81,high
04860220,שור משה פרופ' ,6  ,6213 , 1268,low
04860230,שור משה פרופ' ,4  ,6213 , 855,high
04900030,מוזר יעקב ,3 א,6213 , 956,available
04900040,מוזר יעקב ,4  ,6213 , 834,high
04900050,מוזר יעקב ,5  ,6213 , 956,low
04900060,מוזר יעקב ,6  ,6213 , 826,high
04900080,מוזר יעקב ,8  ,6213 , 827,high
04900100,מוזר יעקב ,10  ,6213 , 828,high
04900120,מוזר יעקב ,12  ,6213 , 829,high
04900140,מוזר יעקב ,14  ,6213 , 151,high
11610080,רמז דוד ,8  ,6213 , 160,high
11610090,רמז דוד ,9 ,6213 , 1450,new
11610100,רמז דוד ,10  ,6213 , 159,low
11610120,רמז דוד ,12  ,6213 , 158,low
11610210,רמז דוד ,21  ,6213 , 383,high
11610230,רמז דוד ,23  ,6213 , 942,high
11610240,רמז דוד ,24  ,6213 , 864,available
11610250,רמז דוד ,25  ,6213 , 740,available
11610260,רמז דוד ,26  ,6213 , 965,high
11610270,רמז דוד ,27  ,6213 , 114,low
11610280,רמז דוד ,28  ,6213 , 1273,low
11610290,רמז דוד ,29  ,6213 , 113,available
11610300,רמז דוד ,30  ,6213 , 1262,available
11610310,רמז דוד ,31  ,6213 , 112,high
11610320,רמז דוד ,32  ,6213 , 751,high
11610340,רמז דוד ,34  ,6213 , 694,low
11610370,רמז דוד ,37  ,6213 , 755,low
11610400,רמז דוד ,40  ,6213 , 116,low
11610420,רמז דוד ,42  ,6213 , 117,available
11610440,רמז דוד ,44  ,6213 , 745,low
11900070,ליפסקי לואי ,7  ,6213 , 491,available
11900080,ליפסקי לואי ,8  ,6213 , 495,low
11900090,ליפסקי לואי ,9  ,6213 , 845,high
11900100,ליפסקי לואי ,10  ,6213 , 494,low
11900110,ליפסקי לואי ,11  ,6213 , 701,low
11900140,ליפסקי לואי ,14  ,6213 , 1256,low
11900170,ליפסקי לואי ,17  ,6213 , 993,low
11900200,ליפסקי לואי ,20  ,6213 , 1171,available
11900210,ליפסקי לואי ,19  ,6213 , 1158,available
11900230,ליפסקי לואי ,23  ,6213 , 738,low
11900240,ליפסקי לואי ,24  ,6213 , 1172,available
05640070,חנקין ,11  ,6213 , 1370,low
05030030,בילטמור ,3  ,6213 , 871,available
05030040,בילטמור ,4  ,6213 , 874,low
05030050,בילטמור ,5  ,6213 , 870,high
05030060,בילטמור ,6  ,6213 , 875,available
05030070,בילטמור ,7  ,6213 , 964,low
05030080,בילטמור ,8  ,6213 , 876,available
05030090,בילטמור ,9  ,6213 , 998,available
05030100,בילטמור ,10  ,6213 , 1173,available
05030110,בילטמור ,11  ,6213 , 646,low
05030120,בילטמור ,12  ,6213 , 861,high
05030130,בילטמור ,13  ,6213 , 695,available
05030140,,615 1  ,6213 , 706,high
05030150,בילטמור ,15  ,6213 , 698,available
05030160,כהנשטם ,8  ,6213 , 699,low
05430060,בן סרוק ,6  ,6213 , 411,low
05430100,בן סרוק ,10  ,6213 , 410,low
05430120,בן סרוק ,12  ,6213 , 409,low
05430140,בן סרוק ,14  ,6213 , 407,available
05430160,בן סרוק ,16  ,6213 , 406,available
05430180,בן סרוק ,18  ,6213 , 404,high
05430190,בן סרוק ,19  ,6213 ," 20,26",available
05430220,בן סרוק ,22  ,6213 , 403,high
05430240,בן סרוק ,24  ,6213 , 402,high
05430250,בן סרוק ,25  ,6213 , 16,new
05780050,בן שפרוט ,5  ,6213 , 415,available
05780070,בן שפרוט ,7  ,6213 , 416,available
05780090,בן שפרוט ,9  ,6213 , 417,available
05780110,בן שפרוט ,11  ,6213 , 418,available
05780130,בן שפרוט ,13  ,6213 , 419,low
05780150,בן שפרוט ,15  ,6213 , 420,available
05780190,בן שפרוט ,19  ,6213 , 422,available
05720010,חדרה ,1  ,6213 , 664,low
05720050,חדרה ,5  ,6213 , 663,available
05720070,חדרה ,7  ,6213 , 161,available
05720080,חדרה ,8  ,6213 , 168,low
05720090,חדרה ,9  ,6213 , 162,low
05720100,חדרה ,10  ,6213 , 167,high
05720110,חדרה ,11  ,6213 , 163,low
05720120,חדרה ,12  ,6213 , 166,available
05720130,חדרה ,13  ,6213 , 164,available
05720150,מטמון כהן ,6  ,6213 , 165,high
05670040,הא באייר ,4  ,6213 , 1381,low
05670060,הא באייר ,6  ,6213 , 1348,low
05670080,הא באייר ,8  ,6213 , 1386,low
05670120,הא באייר ,12  ,6213 , 1406,available
05670160,הא באייר ,16  ,6213 , 1393,available
05670220,הא באייר ,22  ,6213 , 1344,available
05670240,הא באייר ,24  ,6213 , 1308,low
05670260,הא באייר ,26  ,6213 , 1305,high
05670280,הא באייר ,28  ,6213 , 1323,low
05670300,הא באייר ,30  ,6213 , 1359,high
05670320,הא באייר ,32  ,6213 , 1432,low
05670340,הא באייר ,34  ,6213 , 1429,low
05670400,הא באייר ,40  ,6213 , 1383,high
05670420,הא באייר ,42  ,6213 , 1321,available
05670440,הא באייר ,44  ,6213 , 1354,available
05670450,הא באייר ,45 ,6213 , 334,new
05670480,עקיבא אריה ,2  ,6213 , 1319,low
05670500,הא באייר ,50  ,6213 , 1362,low
05670520,הא באייר ,52  ,6213 , 1351,low
05670540,הא באייר ,54  ,6213 , 1303,available
05670560,הא באייר ,56  ,6213 , 1438,new
05670580,הא באייר ,58  ,6213 , 1443,new
05670620,הא באייר ,62  ,6213 , 1409,high
05670640,הא באייר ,64  ,6213 , 1402,high
05670660,הא באייר ,66  ,6213 , 1422,available
05670680,ליפסקי לואי ,1  ,6213 , 1390,low
05670700,הא באייר ,70  ,6213 , 1356,high
05670720,הא באייר ,72  ,6213 , 1364,available
05450030,אנטוקולסקי ,7  ,6217 , 678,tama_38
05450060,ליליאן ,12  ,6217 , 394,high
05450080,אנטוקולסקי ,8  ,6217 , 393,high
05450090,אנטוקולסקי ,9  ,6217 , 447,high
05450100,אנטוקולסקי ,10  ,6217 , 392,available
05450110,אנטוקולסקי ,11  ,6217 , 448,high
05450120,אנטוקולסקי ,12  ,6217 , 391,available
05450130,אנטוקולסקי ,13  ,6217 , 451,available
05450150,אנטוקולסקי ,15  ,6217 , 455,high
05450190,אנטוקולסקי ,19  ,6217 , 456,available
05450210,אנטוקולסקי ,21  ,6217 , 459,high
05450230,אנטוקולסקי ,23  ,6217 , 542,available
05410030,רמברנדט ,3  ,6217 , 505,low
05410040,רמברנדט ,4  ,6217 , 42,available
05410050,רמברנדט ,5  ,6217 , 169,high
05410060,רמברנדט ,6  ,6217 , 43,available
05410070,רמברנדט ,7  ,6217 , 315,new
05410080,רמברנדט ,8  ,6217 , 47,high
05410090,רמברנדט ,9  ,6217 , 314,new
05410100,רמברנדט ,10  ,6217 , 48,high
05410110,רמברנדט ,11  ,6217 , 274,low
05410120,רמברנדט ,12  ,6217 , 558,high
05410130,רמברנדט ,13  ,6217 , 541,low
05410140,רמברנדט ,14  ,6217 , 513,high
05410150,רמברנדט ,15  ,6217 , 520,available
05410160,רמברנדט ,16  ,6217 , 170,low
05410170,רמברנדט ,17  ,6217 , 621,available
05410180,רמברנדט ,18  ,6217 , 316,high
05410190,רמברנדט ,19  ,6217 , 389,available
05410200,רמברנדט ,20  ,6217 , 317,high
05410210,אנטוקולסקי ,25  ,6217 , 462,available
05410220,סוטין ,2  ,6217 , 278,available
05410240,סוטין ,1  ,6217 , 588,low
05410260,רמברנדט ,26  ,6217 , 240,low
05410280,רמברנדט ,28  ,6217 , 241,available
05410300,רמברנדט ,30  ,6217 , 602,high
05410320,רמברנדט ,32  ,6217 , 566,available
05410340,רמברנדט ,34  ,6217 , 384,low
05410360,רמברנדט ,36  ,6217 , 578,available
05410380,רמברנדט ,38  ,6217 , 565,available
05410400,רמברנדט ,40  ,6217 , 468,available
05440030,בלוך דוד ,3  ,6217 , 41,low
05440040,בלוך דוד ,4  ,6217 , 181,high
05440050,בלוך דוד ,5  ,6217 , 44,low
05440060,בלוך דוד ,6  ,6217 , 608,high
05440070,בלוך דוד ,7  ,6217 , 45,low
05440080,בלוך דוד ,8  ,6217 , 55,high
05440090,בלוך דוד ,9  ,6217 , 46,available
05440100,בלוך דוד ,10  ,6217 , 547,high
05440110,בלוך דוד ,11  ,6217 , 50,low
05440120,בלוך דוד ,12  ,6217 , 57,low
05440130,בלוך דוד ,13  ,6217 , 51,high
05440140,בלוך דוד ,14  ,6217 , 58,high
05440150,בלוך דוד ,15  ,6217 , 504,high
05440160,בלוך דוד ,16  ,6217 , 59,available
05440170,בלוך דוד ,17  ,6217 , 590,low
05440180,בלוך דוד ,18  ,6217 , 60,low
05440190,בלוך דוד ,19  ,6217 , 557,available
05440200,בלוך דוד ,20  ,6217 , 61,available
05440210,בלוך דוד ,21  ,6217 , 171,available
05440220,בלוך דוד ,22  ,6217 , 586,high
05440230,בלוך דוד ,23  ,6217 , 311,high
05440240,בלוך דוד ,24  ,6217 , 503,high
05440250,בלוך דוד ,25  ,6217 , 310,high
05440260,בלוך דוד ,26  ,6217 , 172,low
05440270,סוטין ,5  ,6217 , 284,high
05440280,בלוך דוד ,28  ,6217 , 173,high
05440290,בלוך דוד ,29  ,6217 , 607,low
05440300,בלוך דוד ,30  ,6217 , 312,high
05440310,בלוך דוד ,31  ,6217 , 244,available
05440320,בלוך דוד ,32  ,6217 , 287,low
05440330,בלוך דוד ,33  ,6217 , 506,high
05440340,בלוך דוד ,34  ,6217 , 568,high
05440350,בלוך דוד ,35  ,6217 , 545,high
05440360,בלוך דוד ,36  ,6217 , 589,high
05440370,בלוך דוד ,37  ,6217 , 383,high
05440380,בלוך דוד ,38  ,6217 , 412,low
05440390,בלוך דוד ,39  ,6217 , 382,high
05440400,בלוך דוד ,40  ,6217 , 409,low
05440410,בלוך דוד ,41  ,6217 , 380,high
05440420,בלוך דוד ,42  ,6217 , 408,high
05440430,בלוך דוד ,43  ,6217 , 524,high
05440440,בלוך דוד ,44  ,6217 , 405,available
05440450,בלוך דוד ,45  ,6217 , 502,available
05440460,בלוך דוד ,46  ,6217 , 402,low
05440480,בלוך דוד ,48  ,6217 , 514,high
06790010,בצלאל ,1  ,6217 , 206,high
06790030,בצלאל ,3  ,6217 , 205,high
06790050,בצלאל ,5  ,6217 , 512,high
06790070,בצלאל ,7  ,6217 , 71,available
06790080,בצלאל ,8  ,6217 , 78,available
06790090,בצלאל ,9  ,6217 , 70,high
06790100,בצלאל ,10  ,6217 , 77,available
06790110,בצלאל ,11  ,6217 , 69,available
06790120,בצלאל ,12  ,6217 , 76,available
06790130,בצלאל ,13  ,6217 , 68,available
06790140,בצלאל ,14  ,6217 , 75,available
06790150,בצלאל ,15  ,6217 , 67,available
06790170,בצלאל ,17  ,6217 , 66,available
06790190,בצלאל ,19  ,6217 , 546,available
06790200,בצלאל ,20  ,6217 , 140,available
06790220,בצלאל ,22  ,6217 , 308,available
06790240,בצלאל ,24  ,6217 , 309,available
06790250,בצלאל ,25  ,6217 , 313,low
06790270,בצלאל ,27  ,6217 , 292,available
06790290,בצלאל ,29  ,6217 , 291,high
06790310,בצלאל ,31  ,6217 , 290,high
06790330,בצלאל ,33  ,6217 , 410,high
06790350,בצלאל ,35  ,6217 , 407,available
06710020,בלוך דוד ,44  ,6217 , 405,available
06710030,בארי ,3  ,6217 , 641,available
06710040,בארי ,4  ,6217 , 406,available
06710050,בארי ,5 א,6217 , 564,low
06710060,בארי ,6  ,6217 , 681,available
06710070,בארי ,7  ,6217 , 28,high
06710080,בארי ,8  ,6217 , 676,new
06710090,בארי ,9  ,6217 , 29,high
06710110,בארי ,11  ,6217 , 30,available
06710130,בארי ,13  ,6217 , 619,low
06710170,בארי ,17  ,6217 , 33,low
06710180,בארי ,18  ,6217 , 337,low
06710190,בארי ,19  ,6217 , 34,high
06710200,בארי ,20  ,6217 , 338,available
06710210,בארי ,21  ,6111 , 738,available
06710220,בארי ,22  ,6111 , 468,available
06710240,בארי ,24  ,6111 , 463,available
06710260,פומבדיתא ,19  ,6111 , 464,low
06710270,בארי ,27  ,6111 , 423,available
06710280,פומבדיתא ,28  ,6111 , 510,low
06710290,בארי ,29  ,6111 , 424,low
06710300,בארי ,30  ,6111 , 509,available
06720010,בצלאל ,28  ,6217 , 645,high
06720020,נהרדעא ,2  ,6217 , 297,available
06720090,נהרדעא ,9  ,6217 , 676,available
06720100,נהרדעא ,10  ,6217 , 647,low
06720110,נהרדעא ,11  ,6217 , 343,low
06720120,נהרדעא ,12  ,6217 , 643,available
06720130,נהרדעא ,13  ,6217 , 342,low
06720140,נהרדעא ,14  ,6217 , 366,low
06720150,נהרדעא ,15  ,6217 , 341,available
06720170,נהרדעא ,17  ,6111 , 467,available
06720190,נהרדעא ,19  ,6111 , 466,available
05460030,סוטין ,3  ,6217 , 561,available
05460040,סוטין ,4  ,6217 , 279,low
05460090,סוטין ,9  ,6217 , 307,available
05460100,סוטין ,10  ,6217 , 591,low
05460110,סוטין ,11  ,6217 , 138,available
05460120,בצלאל ,16  ,6217 , 567,low
05460130,בצלאל ,18  ,6217 , 174,high
05460140,סוטין ,14  ,6217 , 111,available
05460150,סוטין ,15  ,6217 , 175,low
05460170,סוטין ,17  ,6217 , 143,available
05460180,סוטין ,18  ,6217 , 615,available
05460200,סוטין ,20  ,6217 , 581,available
05460220,סוטין ,22  ,6217 , 359,low
05460230,סוטין ,23  ,6217 , 368,high
05460240,סוטין ,24  ,6217 , 360,tama_38
06740010,גליצנשטיין ,1  ,6217 , 79,low
06740020,גליצנשטיין ,2  ,6217 , 200,available
06740030,גליצנשטיין ,3  ,6217 , 80,available
06740040,גליצנשטיין ,4  ,6217 , 201,available
06740050,גליצנשטיין ,5  ,6217 , 81,available
06740060,גליצנשטיין ,6  ,6217 , 202,available
06740070,גליצנשטיין ,7  ,6217 , 82,low
06750010,מודיליאני ,1  ,6217 , 209,tama_38
06750020,שילה ,4  ,6217 , 185,high
06750030,מודיליאני ,3  ,6217 , 208,high
06750040,מודיליאני ,4  ,6217 , 186,high
06750050,מודיליאני ,5  ,6217 , 207,low
06750060,מודיליאני ,6  ,6217 , 187,available
06750070,מודיליאני ,7  ,6217 , 199,available
06750080,מודיליאני ,8  ,6217 , 188,available
06750090,מודיליאני ,9  ,6217 , 198,low
06750110,מודיליאני ,11  ,6217 , 197,available
06750130,מודיליאני ,13  ,6217 , 196,available
06750140,מודיליאני ,14  ,6217 , 191,available
06750150,מודיליאני ,15  ,6217 , 195,tama_38
06750160,מודיליאני ,16  ,6217 , 192,low
06750170,מודיליאני ,17  ,6217 , 194,high
06650050,פומבדיתא ,2  ,6111 , 496,available
05470030,שטרוק ,3  ,6217 , 167,tama_38
05470040,שטרוק ,4  ,6217 , 128,available
05470050,שטרוק ,5  ,6217 , 126,low
05470060,שטרוק ,6  ,6217 , 268,available
05470070,שטרוק ,7  ,6217 , 267,available
05470080,שטרוק ,8  ,6217 , 269,high
05470090,שטרוק ,9  ,6217 , 266,available
05470100,שטרוק ,10  ,6217 , 230,low
05470110,שטרוק ,11  ,6217 , 265,high
05470120,שטרוק ,12  ,6217 , 229,available
05470130,שטרוק ,13  ,6217 , 225,available
05470150,שטרוק ,15  ,6217 , 226,tama_38
05470170,שטרוק ,17  ,6217 , 227,available
05480030,ליליאן ,3  ,6217 , 271,available
05480040,ליליאן ,4  ,6217 , 236,low
05480050,ליליאן ,5  ,6217 , 270,available
05480060,ליליאן ,6  ,6217 , 235,available
05480070,ליליאן ,7  ,6217 , 231,low
05480080,ליליאן ,8  ,6217 , 234,high
05480090,ליליאן ,9  ,6217 , 232,new
05480100,ליליאן ,10  ,6217 , 417,high
06760040,פומבדיתא ,4  ,6111 , 745,high
06760100,פומבדיתא ,10  ,6111 , 500,available
06760120,פומבדיתא ,12  ,6111 , 501,low
06760140,פומבדיתא ,14  ,6111 , 502,available
06760160,פומבדיתא ,16  ,6111 , 503,low
06760170,פומבדיתא ,17  ,6111 , 465,available
06760180,פומבדיתא ,18  ,6111 , 504,available
06760200,פומבדיתא ,22  ,6111 , 505,tama_38
06760240,פומבדיתא ,24  ,6111 , 507,available
06760260,פומבדיתא ,26  ,6111 , 508,available
06770050,פישמן מימון ,5 ,6111 , 839,high
06770090,פישמן מימון ,9  ,6111 , 843,available
06770110,פישמן מימון ,11  ,6111 , 843,low
06770120,פישמן מימון ,12  ,6217 , 363,available
06770140,פישמן מימון ,14  ,6217 , 364,high
06770150,סוטין ,29  ,6217 , 646,low
06770160,פישמן מימון ,16  ,6217 , 365,available
06780040,לסר אורי ,4  ,6111 , 837,high
06780080,לסר אורי ,8  ,6111 , 838,high
06780120,לסר אורי ,12  ,6111 , 841,low
06780140,לסר אורי ,14  ,6217 , 582,tama_38
06800030,שילה ,3  ,6217 , 184,available
06800050,שילה ,5  ,6217 , 183,available
06800070,שילה ,7  ,6217 , 182,available
06800080,שילה ,8  ,6217 , 210,available
04810010,דוד המלך ,1  ,6111 , 175,low
04810030,שילה ,1  ,6111 , 176,low
04810040,דוד המלך ,4  ,6111 , 94,low
04810050,שילה ,2  ,6111 , 178,low
04810060,דוד המלך ,6  ,6111 , 95,available
04810070,דוד המלך ,7  ,6111 , 179,low
04810080,דוד המלך ,8  ,6111 , 96,available
04810090,דוד המלך ,9  ,6111 , 180,available
04810100,דוד המלך ,10  ,6111 , 97,low
04810110,דוד המלך ,11  ,6111 , 181,available
04810120,דוד המלך ,12  ,6111 , 98,low
04810130,דוד המלך ,13  ,6111 , 182,low
04810140,דובנוב ,35  ,6111 , 99,available
04810150,דוד המלך ,15  ,6111 , 183,available
04810160,דובנוב ,32  ,6111 , 853,available
04810170,דוד המלך ,17  ,6111 , 184,available
04810180,דוד המלך ,18  ,6111 , 103,available
04810190,דוד המלך ,19  ,6111 , 358,high
04810200,דוד המלך ,20  ,6111 , 104,available
04810210,דוד המלך ,21  ,6111 , 359,available
04810220,דוד המלך ,22  ,6111 , 105,low
04810230,דוד המלך ,23  ,6111 , 360,low
04810240,דוד המלך ,24  ,6111 , 106,low
04810250,דוד המלך ,25  ,6111 , 361,low
04810260,דוד המלך ,26  ,6111 , 107,low
04810270,דוד המלך ,27  ,6111 , 657,available
04810280,דוד המלך ,28  ,6111 , 108,low
04810290,דוד המלך ,29  ,6111 , 363,low
04810300,דוד המלך ,30  ,6111 , 109,available
04810310,דוד המלך ,31  ,6111 , 364,available
04810330,דוד המלך ,33  ,6111 , 372,low
04810340,זיו רבקה ,2 ,6111 , 835,available
04810350,לסר אורי ,2  ,6111 , 365,low
04810370,לסר אורי ,2  ,6111 , 365,new
04810390,דוד המלך ,39  ,6111 , 367,high
04810430,דוד המלך ,43  ,6111 , 842,new
04810470,פישמן מימון ,3 ,6111 , 840,available
04810510,פישמן מימון ,2  ,6111 , 664,available
04810530,דוד המלך ,53  ,6111 , 664,available
04810550,דוד המלך ,55  ,6111 , 664,low
04620010,צייטלין ,1  ,6111 , 120,low
04620020,אבן גבירול ,62  ,6111 , 152,tama_38
04620040,צייטלין ,4  ,6111 , 144,available
04620050,צייטלין ,5  ,6111 , 469,high
04620060,צייטלין ,6  ,6111 , 142,available
04620070,צייטלין ,7  ,6111 , 597,high
04620080,צייטלין ,8  ,6111 , 140,available
04620090,צייטלין ,9  ,6111 , 512,available
04620100,צייטלין ,10  ,6111 , 138,available
04620110,צייטלין ,11  ,6111 , 396,tama_38
04620120,צייטלין ,12  ,6111 , 136,low
04620130,דובנוב ,31  ,6111 , 518,available
04620140,דובנוב ,27  ,6111 , 134,available
04620150,דובנוב ,28  ,6111 , 409,low
04620160,דובנוב ,26  ,6111 , 444,low
04620170,צייטלין ,17  ,6111 , 113,low
04620190,צייטלין ,19  ,6111 , 114,low
04620200,צייטלין ,20  ,6111 , 858,high
04620210,צייטלין ,21  ,6111 , 115,low
04620250,צייטלין ,25  ,6111 , 117,available
04620270,צייטלין ,27  ,6111 , 118,available
04620290,בריינין ראובן ,1  ,6111 , 119,available
03300150,אבן גבירול ,56  ,6111 , 154,high
03300160,מאנה ,18  ,6111 , 598,tama_38
03300170,מאנה ,17  ,6111 , 145,available
03300190,מאנה ,19  ,6111 , 143,available
03300200,מאנה ,20  ,6111 , 642,low
03300210,מאנה ,21  ,6111 , 141,available
03300230,מאנה ,23  ,6111 , 139,available
03300250,מאנה ,25  ,6111 , 137,low
03300260,מאנה ,26  ,6111 , 638,low
03300270,דובנוב ,27  ,6111 , 134,available
11620070,שאול המלך ,19  ,6111 , 858,available
11620080,ברקוביץ ,8  ,6111 , 856,available
03340310,אבן גבירול ,38  ,6111 , 234,low
03340320,שאול המלך ,1  ,6111 , 863,tama_38
03340330,השופטים ,33  ,6111 , 239,high
03340340,השופטים ,34  ,6111 , 197,available
03340350,קצנלסון יצחק ,2  ,6111 , 241,low
03340360,השופטים ,36  ,6111 , 197,low
03340370,,668 1  ,6111 , 242,available
03340380,השופטים ,38  ,6111 , 196,tama_38
03340390,השופטים ,39  ,6111 , 243,low
03340400,השופטים ,40  ,6111 , 195,available
03340410,השופטים ,41  ,6111 , 244,high
03340420,השופטים ,42  ,6111 , 521,tama_38
03340440,דובנוב ,11  ,6111 , 521,low
06610090,דובנוב ,9  ,6111 , 717,low
06610100,דה וינצ'י לאונרדו ,19  ,6111 , 756,low
06610150,דובנוב ,15  ,6111 , 245,available
06610160,שאול המלך ,15  ,6111 , 447,available
06610170,דובנוב ,17  ,6111 , 214,low
06610180,דה וינצ'י לאונרדו ,29  ,6111 , 603,low
06610190,דובנוב ,19  ,6111 , 213,high
06610200,דה וינצ'י לאונרדו ,31 א,6111 , 604,low
06610210,דוליצקי ,3  ,6111 , 230,low
06610220,דובנוב ,22  ,6111 , 596,low
06610230,דובנוב ,23  ,6111 , 229,available
06610240,דה וינצ'י לאונרדו ,37  ,6111 , 445,low
06610300,דובנוב ,30  ,6111 , 110,high
06610330,דובנוב ,33  ,6111 , 101,tama_38
06610360,דובנוב ,36  ,6217 , 190,high
06610390,מודיליאני ,10  ,6217 , 189,high
06230030,בריינין ראובן ,3  ,6111 , 111,available
10020280,שאול המלך ,19  ,6111 , 858,low
04580010,ויצמן ,7  ,6111 , 348,available
04580020,זיו רבקה ,2 ,6111 , 835,high
04580030,זיו רבקה ,3  ,6111 , 823,new
04580060,צייטלין ,26  ,6111 , 829,tama_38
04580070,ברקוביץ ,4  ,6111 , 868,tama_38
04580080,ויצמן ,7  ,6111 , 348,low
06630030,קצנלסון יצחק ,3  ,6111 , 238,available
06630040,קצנלסון יצחק ,4  ,6111 , 240,available
06630050,קצנלסון יצחק ,5  ,6111 , 237,low
06630060,קצנלסון יצחק ,6  ,6111 , 515,available
06630070,קצנלסון יצחק ,7  ,6111 , 211,high
06630080,דוליצקי ,2  ,6111 , 212,available
06630090,קצנלסון יצחק ,9  ,6111 , 210,available
06630100,דוליצקי ,1  ,6111 , 227,low
06630110,קצנלסון יצחק ,11  ,6111 , 395,available
06630120,קצנלסון יצחק ,12  ,6111 , 815,available
06630130,קצנלסון יצחק ,13  ,6111 , 225,available
06630150,קצנלסון יצחק ,15  ,6111 , 224,high
